"filename", "language", "JSON", "XML", "Log", "LaTeX", "Shell Script", "Lua", "Makefile", "C++", "Python", "comment", "blank", "total"
"/home/croi/code/cpp/internship_challange/Makefile", "Makefile", 0, 0, 0, 0, 0, 0, 36, 0, 0, 1, 11, 48
"/home/croi/code/cpp/internship_challange/build.sh", "Shell Script", 0, 0, 0, 0, 1, 0, 0, 0, 0, 1, 1, 3
"/home/croi/code/cpp/internship_challange/cleanup/nigga.json", "JSON", 139, 0, 0, 0, 0, 0, 0, 0, 0, 0, 0, 139
"/home/croi/code/cpp/internship_challange/cleanup/two.json", "JSON", 139, 0, 0, 0, 0, 0, 0, 0, 0, 0, 0, 139
"/home/croi/code/cpp/internship_challange/cleanup/two2.json", "JSON", 139, 0, 0, 0, 0, 0, 0, 0, 0, 0, 0, 139
"/home/croi/code/cpp/internship_challange/cleanup/two3.json", "JSON", 139, 0, 0, 0, 0, 0, 0, 0, 0, 0, 0, 139
"/home/croi/code/cpp/internship_challange/doc/atestat.log", "Log", 0, 0, 341, 0, 0, 0, 0, 0, 0, 0, 23, 364
"/home/croi/code/cpp/internship_challange/doc/atestat.tex", "LaTeX", 0, 0, 0, 161, 0, 0, 0, 0, 0, 0, 39, 200
"/home/croi/code/cpp/internship_challange/include/error_codes.hpp", "C++", 0, 0, 0, 0, 0, 0, 0, 7, 0, 2, 3, 12
"/home/croi/code/cpp/internship_challange/include/gui/child_window.hpp", "C++", 0, 0, 0, 0, 0, 0, 0, 11, 0, 1, 4, 16
"/home/croi/code/cpp/internship_challange/include/gui/machine_edit_window.hpp", "C++", 0, 0, 0, 0, 0, 0, 0, 29, 0, 0, 6, 35
"/home/croi/code/cpp/internship_challange/include/gui/main_window.hpp", "C++", 0, 0, 0, 0, 0, 0, 0, 61, 0, 1, 23, 85
"/home/croi/code/cpp/internship_challange/include/gui/part_edit_window.hpp", "C++", 0, 0, 0, 0, 0, 0, 0, 29, 0, 4, 11, 44
"/home/croi/code/cpp/internship_challange/include/gui/schedule_window.hpp", "C++", 0, 0, 0, 0, 0, 0, 0, 0, 0, 0, 1, 1
"/home/croi/code/cpp/internship_challange/include/gui/tree_window.hpp", "C++", 0, 0, 0, 0, 0, 0, 0, 3, 0, 0, 3, 6
"/home/croi/code/cpp/internship_challange/include/job.hpp", "C++", 0, 0, 0, 0, 0, 0, 0, 38, 0, 15, 15, 68
"/home/croi/code/cpp/internship_challange/include/json.hpp", "C++", 0, 0, 0, 0, 0, 0, 0, 17373, 0, 4322, 2980, 24675
"/home/croi/code/cpp/internship_challange/include/machine.hpp", "C++", 0, 0, 0, 0, 0, 0, 0, 33, 0, 0, 8, 41
"/home/croi/code/cpp/internship_challange/include/parse_utils.hpp", "C++", 0, 0, 0, 0, 0, 0, 0, 46, 0, 11, 15, 72
"/home/croi/code/cpp/internship_challange/include/part.hpp", "C++", 0, 0, 0, 0, 0, 0, 0, 22, 0, 5, 6, 33
"/home/croi/code/cpp/internship_challange/include/scheduler.hpp", "C++", 0, 0, 0, 0, 0, 0, 0, 45, 0, 24, 14, 83
"/home/croi/code/cpp/internship_challange/include/text2num/text2num.hpp", "C++", 0, 0, 0, 0, 0, 0, 0, 22, 0, 9, 9, 40
"/home/croi/code/cpp/internship_challange/include/text2num/token_stream.hpp", "C++", 0, 0, 0, 0, 0, 0, 0, 57, 0, 5, 14, 76
"/home/croi/code/cpp/internship_challange/main.cpp", "C++", 0, 0, 0, 0, 0, 0, 0, 13, 0, 4, 4, 21
"/home/croi/code/cpp/internship_challange/penis.json", "JSON", 139, 0, 0, 0, 0, 0, 0, 0, 0, 0, 0, 139
"/home/croi/code/cpp/internship_challange/premake5.lua", "Lua", 0, 0, 0, 0, 0, 15, 0, 0, 0, 0, 4, 19
"/home/croi/code/cpp/internship_challange/schedule.svg", "XML", 0, 693, 0, 0, 0, 0, 0, 0, 0, 26, 1, 720
"/home/croi/code/cpp/internship_challange/scripts/visualizer.py", "Python", 0, 0, 0, 0, 0, 0, 0, 0, 41, 7, 9, 57
"/home/croi/code/cpp/internship_challange/src/job.cpp", "C++", 0, 0, 0, 0, 0, 0, 0, 427, 0, 49, 89, 565
"/home/croi/code/cpp/internship_challange/src/machine.cpp", "C++", 0, 0, 0, 0, 0, 0, 0, 33, 0, 0, 10, 43
"/home/croi/code/cpp/internship_challange/src/machine_edit_window.cpp", "C++", 0, 0, 0, 0, 0, 0, 0, 48, 0, 2, 13, 63
"/home/croi/code/cpp/internship_challange/src/main_window.cpp", "C++", 0, 0, 0, 0, 0, 0, 0, 75, 0, 14, 25, 114
"/home/croi/code/cpp/internship_challange/src/main_window_events.cpp", "C++", 0, 0, 0, 0, 0, 0, 0, 67, 0, 0, 22, 89
"/home/croi/code/cpp/internship_challange/src/main_window_load.cpp", "C++", 0, 0, 0, 0, 0, 0, 0, 60, 0, 8, 18, 86
"/home/croi/code/cpp/internship_challange/src/main_window_paint.cpp", "C++", 0, 0, 0, 0, 0, 0, 0, 1, 0, 2, 2, 5
"/home/croi/code/cpp/internship_challange/src/parse_utils.cpp", "C++", 0, 0, 0, 0, 0, 0, 0, 120, 0, 13, 21, 154
"/home/croi/code/cpp/internship_challange/src/part.cpp", "C++", 0, 0, 0, 0, 0, 0, 0, 19, 0, 0, 8, 27
"/home/croi/code/cpp/internship_challange/src/part_edit_window.cpp", "C++", 0, 0, 0, 0, 0, 0, 0, 39, 0, 2, 15, 56
"/home/croi/code/cpp/internship_challange/src/scheduler.cpp", "C++", 0, 0, 0, 0, 0, 0, 0, 231, 0, 10, 59, 300
"/home/croi/code/cpp/internship_challange/src/text2num.cpp", "C++", 0, 0, 0, 0, 0, 0, 0, 145, 0, 30, 39, 214
"/home/croi/code/cpp/internship_challange/src/token_stream.cpp", "C++", 0, 0, 0, 0, 0, 0, 0, 34, 0, 0, 8, 42
"/home/croi/code/cpp/internship_challange/use_wxwidgets.lua", "Lua", 0, 0, 0, 0, 0, 137, 0, 0, 0, 64, 29, 230
"Total", "-", 695, 693, 341, 161, 1, 152, 36, 19088, 41, 4632, 3562, 29402